<?xml version="1.0" encoding="UTF-8" standalone="no"?>
<project>
	<configuration id="com.atollic.truestudio.exe.debug.1518366166" name="Debug">
		<extension point="org.eclipse.cdt.core.LanguageSettingsProvider">
			<provider copy-of="extension" id="org.eclipse.cdt.ui.UserLanguageSettingsProvider"/>
			<provider-reference id="org.eclipse.cdt.managedbuilder.core.MBSLanguageSettingsProvider" ref="shared-provider"/>
			<provider class="com.atollic.truestudio.mbs.GCCSpecsDetectorAtollicArm" console="false" env-hash="-333696958215611988" id="com.atollic.truestudio.mbs.provider" keep-relative-paths="false" name="Atollic ARM Tools Language Settings" parameter="${COMMAND} -E -P -v -dD &quot;${INPUTS}&quot;" prefer-non-shared="true">
				<language-scope id="org.eclipse.cdt.core.gcc"/>
				<language-scope id="org.eclipse.cdt.core.g++"/>
			</provider>
		</extension>
	</configuration>
	<configuration id="com.atollic.truestudio.configuration.release.1518366166" name="Release">
		<extension point="org.eclipse.cdt.core.LanguageSettingsProvider">
			<provider copy-of="extension" id="org.eclipse.cdt.ui.UserLanguageSettingsProvider"/>
			<provider-reference id="org.eclipse.cdt.managedbuilder.core.MBSLanguageSettingsProvider" ref="shared-provider"/>
			<provider class="com.atollic.truestudio.mbs.GCCSpecsDetectorAtollicArm" console="false" env-hash="-333696958215611988" id="com.atollic.truestudio.mbs.provider" keep-relative-paths="false" name="Atollic ARM Tools Language Settings" parameter="${COMMAND} -E -P -v -dD &quot;${INPUTS}&quot;" prefer-non-shared="true">
				<language-scope id="org.eclipse.cdt.core.gcc"/>
				<language-scope id="org.eclipse.cdt.core.g++"/>
			</provider>
		</extension>
	</configuration>
</project>
